Serial Number,Title,Paragraph
1,எவரெசுட்டு சிகரம்,"எவரெசுட்டு சிகரம் (அல்லது எவரெஸ்ட் சிகரம்), நேபாளத்தில் சாகர்மா என்றும், சீனாவில் சோமோலுங்குமா என்றும் அழைக்கப்படுகிறது. இது உலகிலேயே யாவற்றினும் மிக உயர்ந்த கொடுமுடியாகும். இது கடல் மட்டத்திலிருந்து 8,848 உயரம் மீட்டர் (29,029 அடி) ஆகும்.[1] இமயமலையின் மஹாலங்கூர் மலைத்தொடரில் எவரெஸ்ட் மலை அமைந்து உள்ளது.[6][7]
மேலும், பூமியின் மையத்தில் இருந்து அளக்கப்பட்டால், 5 வது உயரமான மலை ஆகும். இது இமயமலையின்  பிரிவில் அமைந்துள்ளது. சீனா (திபெத் தன்னாட்சிப் பகுதி) மற்றும் நேபாளம் இடையேயான சர்வதேச எல்லையானது எவரெஸ்ட் சிகரத்தின் உச்சியில் உள்ளது. அதன் மேல்பகுதியில் அண்டை சிகரங்கள் இலோட்ஃசே மலை, 8,516 மீ (27,940 அடி); நபுட்சே, 7,855 மீ (25,771 அடி), மற்றும் சாங்சே, 7,580 மீ (24,870 அடி) ஆகும்."
2,நங்க பர்வதம்,"நங்க பர்பத், இமயமலைத் தொடரின் மகாலங்கூர் இமால் என்னும் துணைத் தொடரில் உள்ள ஒரு மலை ஆகும். இது பாகிசுத்தானால் நிர்வகிக்கப்படும் காசுமீரின் அசுத்தோரே மாவட்டத்தில் சிந்து நதிக்குச் சற்றுத் தெற்கில் அமைந்துள்ளது. 8,126 மீட்டர்கள் (26,660 அடிகள்) உயரம் கொண்ட இது உலகின் ஒன்பதாவது உயரமான மலை. 1953 ஆம் ஆண்டு யூலை 8 ஆம் நாள் செருமனி, ஆசுத்திரியா ஆகிய நாடுகளைச் சேர்ந்த மலையேறும் குழுவினரின் ஒருவரான ஏர்மன் புல் என்பவர் முதன் முதலாக இதன் உச்சியை அடைந்தார்."
3,மோண்ட் பிளாங்க்,"மோண்ட் பிளாங்க் (பிரெஞ்ச் மொழியில் Mont Blanc) அல்லது மோன்தே பியாங்கோ (இத்தாலிய மொழியில் Monte Bianco) என்னும் மலை மேற்கு ஐரோப்பியாவிலேயே மிக உயரமான மலை. மோண்ட் பிளாங்க் என்பது வெண்மலை என்று பொருள் தரும். இம்மலை ஆல்ப்ஸ் மலைத்தொடரில் உள்ளது. இதன் உயரம் 4808 மீ (15,774 அடி) ஆகும்."
4,மெக்கின்லி மலை,"டெனாலி (Denali) அல்லது மெக்கின்லி மலை (Mount McKinley)  வட அமெரிக்காவின் மிகவும் உயரமான மலையாகும். ஐக்கிய அமெரிக்காவின் அலாஸ்கா மாநிலத்தின் தென்கிழக்கு பகுதியில் அமைந்துள்ளது. இம்மலையைச் சுற்றி அமெரிக்காவின் டெனாலி தேசியப் பூங்கா அமைந்துள்ளது. 1917 முதல் 2015 வரை இந்த மலை அலுவல்முறையாக முன்னாள் குடியரசுத் தலைவரான வில்லியம் மக்கென்லி நினைவாக மெக்கின்லி மலை என்று அழைக்கப்பட்டு வந்தது;  2015இல் அலாசுக்கா மாநிலத்தின் வழிகாட்டுதலில் ஐக்கிய அமெரிக்க அரசு இதன் பெயரை  உள்ளூர் கோயுகொன் மொழி பெயரான டெனாலிக்கு மாற்றியுள்ளது.[2] இந்த மலையின் உயரம் கடல்மட்டத்திலிருந்து 20,237 அடிகள் (6,168 m) ஆக உள்ளது.[3] எவரெசுட்டு சிகரத்திற்கும் அக்கோன்காகுவாவிற்கும் அடுத்து மூன்றாவது மிக உயர்ந்த சிகரத்தைக் கொண்டுள்ளது."
5,கினபாலு மலை,கினபாலு மலை (மலாய்: Gunung Kinabalu; ஆங்கிலம்: Mount Kinabalu சீனம்: 京那巴鲁) என்பது தென்கிழக்கு ஆசியாவின் போர்னியோ தீவில் இருக்கும் மிகப் புகழ் பெற்ற மலையாகும். இந்த மலை கிழக்கு மலேசியாவின் சபா மாநிலத்தில் இருக்கிறது. கினபாலு தேசியப் பூங்காவில் இந்த மலை இருக்கிறது. உலகப் பாரம்பரிய இடங்களில் ஒன்றாக யுனெஸ்கோ அறிவித்துள்ளது.[1]
6,ஸ்ரீ பாத,"சிவனொளிபாதம் அல்லது பாவா ஆதம் மலை (Adam's Peak; சிங்களம் சிறிபாத, அராபியம் Al-Rohun) கடல் மட்டத்திலிருந்து 2,243 மீட்டர் (7,359 அடி)  உயரமான கூம்பு வடிவிலான மலையாகும். இம்மலையானது சபரகமுவா, மத்திய மாகாணங்களுக்கிடையிலான எல்லையில் அமைந்துள்ளது. மலையுச்சியில் காணப்படும் 1.8 மீட்டர் அளவான பாறை அமைப்பு கௌதம புத்தரின் காலடிச் சுவடாக பௌத்தர்களால் கருதப்படுகிறது, இந்து சமய நம்பிக்கைகளின் படி இது சிவனின் காலடிச் சுவடாக கருதப்படுவதோடு இஸ்லாமியர்கள் இதை பாவா ஆதம் மலை - ஆதாம் ஆதாமின் காலடிச் சுவடாக கருதுகின்றனர்."
9,அதோஸ் மலை,"அதோஸ் மலை (Mount Athos, கிரேக்கம்: Ἄθως‎) என்பது வடகிழக்கு கிரேக்கத்தில் உள்ள ஒரு மலை மற்றும் மூவலந்தீவு ஆகும். இது கிழக்கு மரபுவழி துறவியலின் முக்கிய மையமாகும். இது எலனிக் குடியரசிற்குள் ஒரு தன்னாட்சி அரசாக நிர்வகிக்கப்படுகிறது. அதாவது கான்ஸ்டான்டினோப்பிளின் எக்குமெனிகல் பேட்ரியார்க்கின் நேரடி அதிகார வரம்பில் அதோஸ் மலையின் துறவறவியம் மையம் உள்ளது."
10,பெலே மலை,"பெலே மலை (Mount Pelée, பிரெஞ்சு: Montagne Pelée) என்பது கரிபியன் தீவுகளில் ஒன்றான மார்டீனிக் தீவில் உள்ள ஒரு குமுறும் எரிமலையாகும்."
11,கஞ்சன்சங்கா மலை,"கஞ்சன்சங்கா (Kangchenjunga, நேப்பாளம்: कञ्चनजङ्घा Kanchanjaŋghā), உலகிலேயே உயரத்தில் மூன்றாவதாக இருக்கும் மலை ஆகும். இம்மலை இமயமலைத்தொடரில் உள்ளது. இதன் உயரம் 8,586 மீ."
12,எட்னா எரிமலை,எட்னா எரிமலை (Mount Etna) ஐரோப்பாவின் தென் இத்தாலியில் சிசிலித் தீவில் உள்ளது. ஜூன் 2013 இல் யுனெஸ்கோவால் உலகப் பாரம்பரியக் களங்களில் ஒன்றாக அறிவிக்கப்பட்டது[2].
13,விக்டோரியா சிகரம்,"விக்டோரியா சிகரம் (Victoria Peak) என்பது ஹொங்கொங் தீவில் உள்ள ஒரு மலையாகும். இந்த மலையை ""ஒசுடின் மலை"" என்றும் அழைப்பர். உள்ளூர்வாசிகள் ""பீக்"" என்று அழைக்கின்றனர். இந்த மலை ஹொங்கொங் தீவின் மேற்காக அமைந்துள்ளது. இதன் உயரம் (1,811 அடிகள்) 552 மீட்டர்களாகும். இது ஹொங்கொங் தீவில் உள்ள உயரமான மலையாகும். அதேவேளை இது ஹொங்கொங்கில் உள்ள உயரமான மலையல்ல. ஹொங்கொங்கில் உள்ள உயரமான மலை டை மோ சான் மலை ஆகும்."
14,மயோன் எரிமலை,"மயோன் எரிமலை (Mayon Volcano, தகலாகு: மொழியில் புல்காங்கு மயோன்) அல்லது புல்கான் மயோன் அல்லது மயோன் சிகரம் என்ற பெயர்களில் அழைக்கப்படும் இது உயிர்த்துடிப்புடைய எரிமலை ஆகும். இது பிலிப்பைன்சு நாட்டின் அல்பே மாகாணத்தில் அமைந்துள்ளது. இது ""முழுமையான கூம்பு""  எனப் புகழ்பெற்ற எரிமலையாகும். ஏனெனில் அது கிட்டத்தட்ட சமச்சீரான கூம்பு வடிவத்தில் உள்ளது. இந்த மலை மற்றும் அதனைச் சுற்றியுள்ள பகுதிகள்  ஜூலை 20, 1938 இல், நாட்டின் முதல் தேசியப் பூங்காவாக அறிவிக்கப்பட்டது. 2000 ஆம் ஆண்டில் மயோன் எரிமலை இயற்கைப் பூங்கா என வகைப்பாடு செய்யப்பட்டு மயோன் எரிமலை தேசியப் பூங்கா எனப் பெயர் மாற்றம் செய்யப்பட்டது.[3]"
16,அரராத் மலை,"அரராத் மலை (Mount Ararat) துருக்கியில் உள்ள மிக உயரமான மலையாகும். எரிமலைக் கூம்பான இம்மலை துருக்கியின் வடகிழக்கு மூலையில் அமைந்துள்ளது. இது ஆர்மேனியா நாட்டின் எல்லைக்கு 32 கி.மீ. தெற்காகவும், ஈரான் எல்லைக்கு 16 கீ.மீ. மேற்காகவும் அமைந்துள்ளது."
17,கிளிமஞ்சாரோ மலை,"கிளிமஞ்சாரோ மலை டான்சானியா நாட்டின் வடகிழக்குப் பகுதியில் அமைந்திருக்கும் மிக உயரமான எரிமலை வகையைச் சேர்ந்த மலை. இதுவே  ஆப்பிரிக்காக் கண்டத்தில் உள்ள மலைகள் யாவற்றினும் மிக உயர்ந்த மலை. இதன் உயரம் கடல் மட்டத்திலிருந்து 5895 மீட்டர் (19,340 அடி) ஆகும். இம்மலையின் மிக உயரமான முகட்டுக்கு  'உகுரு' [1]  என்று பெயர். கிளிமஞ்சாரோ மலையில் கிபோ, மாவென்சி, இழ்சிரா ( Kibo, Mawensi,  Shira) என மூன்று எரிமலை முகடுகள் உள்ளன. இம்மலை, பல உள்ளடுக்கு கொண்ட எரிமலை வகையைச் சேர்ந்த எரிமலை (பல்லுள்ளடுக்கு எரிமலை, stratovolcano). கிளிமஞ்சாரோ எந்தவொரு மலைத்தொடரையும் சாராத தனிமலை. இமயமலைத் தொடர்களில் உள்ள மலைகளை ஒப்பிடும் பொழுது  கிளிமஞ்சாரோவின் உயரம் அதிகம் இல்லை. ஆனால் கிளிமஞ்சாரோதான் உலகில் உள்ள தனிமலைகள் யாவற்றினும் மிக உயரமான மலை ஆகும்."
18,ஒலிம்பசு மலை,"ஒலிம்பசு மலை அல்லது ஒலிம்பிய மலை என்பது கிரேக்க நாட்டில் உள்ள உயரமான மலை ஆகும். இது ஒலிம்பசு மலைத்தொடரில் தெசாலி மற்றும் மாகெடோனியா ஆகிய இரு பகுதிகளின் இடையே உள்ள எல்லையில் அமைந்துள்ளது. கிரேக்கத் தொன்மவியலில் ஒலிம்பசு மலை ஒலிம்பிய கடவுள்களின் வீடாகக் கூறப்படுகிறது. 2,918 மீட்டர் உயரம் கொண்ட மிடிகாசு என்ற சிகரம் ஒலிம்பசு மலையின் மிக உயரமான சிகரம் ஆகும். இந்த சிகரமே ஒலிம்பிய கடவுள்களின் சந்திப்பு இடமாக இருந்ததாகக் கூறப்படுகிறது."
19,எல்பிரஸ் மலை,"எல்பிரஸ் மலை (Mount Elbrus; உருசியம்: Эльбру́с, ஒ.பெ El'brus, பஒஅ: [ɪlʲˈbrus]; காரச்சேபால்கர் மொழி: Минги тау, Min̡i taw, IPA: [miŋŋi taw] (Audio file ""Miñitaw.ogg "" not found)) என்பது சியார்சியா எல்லைக்கு அருகில், உருசியாவின் கபர்தினோ-பல்கரீயா, கராச்சாய்-செர்கேசியாவில் உள்ள மேற்கு காக்கசஸ் மலைத்தொடரில் அமைந்துள்ள எரிமலை ஆகும். எல்பிரஸ் மலையின் சிகரம் உருசியாவிலும் ஐரோப்பியாவிலும் காக்கேசியாவிலும் உள்ள மலைகளில் உயரமானதும், உலகில் பத்தாவது உயர்வானதும் ஆகும்."
20,ஆகூங்க் மலை,ஆகூங்க் மலை (Mount Agung) இந்தோனீசியாவின் பாலித் தீவின் மிக உயர் இடத்தில் அமைந்துள்ள ஓர் எரிமலையாகும்.
21,மவுண்ட் ரஷ்மோர்,"மவுண்ட் ரஷ்மோர் தேசிய நினைவிடம்  கட்ஸோன் போர்க்லம் (1867–1941) என்பவரால் சௌத் டகோடா நகரில் கீஸ்டோன் என்ற இடத்தில் கிரானைட் சிற்பமாக செதுக்கப்பட்ட நினைவுச் சின்னமாகும். அமெரிக்க ஒன்றியத்தின் 150 ஆண்டு கால வரலாற்றை விவரிக்கும் வண்ணம் முன்னாள் அமெரிக்க ஒன்றிய அதிபர்களின் தலைகளை (இடமிருந்து வலம்): ஜார்ஷ் வாஷிங்டன் (1732–1799), தாமஸ் ஜெபர்சன் (1743–1826), தியோடோர் ரூஸ்வெல்ட் (1858–1919), மற்றும் ஆப்ரகாம் லிங்கன் (1809–1865) சிற்பமாக 60-அடி (18 m) கொண்டு அமெரிக்க ஒன்றிய அதிபர்கள் நினைவிடத்தில் அமையப்பட்டுள்ள வரலாற்று சிறப்புமிக்க இடமாகும்.[1] இந்த நினைவிடம் பரப்பளவிலும் [2] கடல் மட்டத்திலிருந்து 5,725 அடிகள் (1,745 m) உயரத்திலும் உள்ளது.[3] அமெரிக்க ஒன்றிய உள்நாட்டுத்துறை செயலகமான தேசிய பூங்கா சேவை மூலம் நிர்வகிக்கப்படுகிறது. ஆண்டுதோறும் தோராயமாக இரண்டு மில்லியன் மக்கள் இந்த நினைவிடத்தைப் பார்வையிட வருகின்றனர்.[4]"
22,லகோத்சே மலை,"இலோட்ஃசே என்னும் மலை (Lhotse, நேபாளியில் ल्होत्से, சீனாவில் Lhozê; திபேத்திய மொழியில்: lho rtse; சீன மொழியில்: 洛子峰, பின்யிங்ல்: Luòzǐ Fēng) உலகிலேயே 4 ஆவது மிக உயரமான மலை ஆகும். இதன் உயரம் 8,516 மீ ஆகும். இமய மலைத் தொடரில் எவரெசுட்டு மலையுடன் சவுத் கால் என்னும் இடத்துடன் தொடர்புடையது. இம்மலை திபெத்துக்கும் (சீனாவின் பகுதி) நேபாளத்திற்கும் இடையே உள்ள எல்லைப்பகுதியில் உள்ளது."
23,கிரகட்டோவா,"கிரக்கத்தோவா (Krakatoa, இந்தோனீசீயம்: Krakatau) என்பது ஓர் எரிமலைத் தீவாகும். இது சாவகத்துக்கும் சுமாத்திராவுக்கும் இடையில் உள்ள சுந்தா நீரிணையில் அமைந்திருக்கிறது. தீவுக் கூட்டத்துக்கும், அதன் முக்கிய தீவுக்கும் அதன் எரிமலைக்கும் கிரக்கத்தோவா என்ற பெயரே வழங்கி வருகிறது. இது வரலாற்று ரீதியாக பல முறை வெடித்திருப்பதாகப் பதியப்பட்டுள்ளது. இதன் பெரும் வெடிப்பு 1883 ஆம் ஆண்டில் ஆகஸ்ட் 26 - 27 இல் இடம்பெற்றது. இதுவே அண்மைக் காலத்தில் இடம்பெற்ற பெரும் எரிமலைக் குமுறல்களில் பெரும் அழிவைத் தந்தது எனக் கருதப்படுகிறது. இதன் தாக்கம் 200 மெகாதொன் டி.என்.டி அளவுக்கும், ஹிரோஷிமாவில் வீசப்பட்ட சின்னப் பையன் என்ற அணுகுண்டின் தாக்கத்தின் 13,000 மடங்கு அதிகமானது எனவும் கருதப்படுகிறது[1], ."
24,அக்கோன்காகுவா,"அக்கோன்காகுவா (Aconcagua) தென் அமெரிக்காவில் உள்ள அர்ஜென்டினா நாட்டில், அதன் மேற்கே உள்ள மெண்டோசா மாநிலத்தில், உள்ள பெரு மலையாகும். இதுதான் மேற்கு உலக நாடுகளிலேயே உள்ள மிக உயர்ந்த மலை. இதன் உயரம் கடல் மட்டத்திலிருந்து 6,962 மீ. ஆண்டீய மலைத்தொடரில் உள்ள இம்மலை ஐரோப்பா, ஆப்பிரிக்கா, ஆஸ்திரேலியா, வட அமெரிக்கா ஆகிய எல்லாவிடங்களிலும் உள்ள மலைகள் யாவற்றினும் மிகப் பெரியது. இந்திய வட எல்லையில் உள்ள இமய மலைத்தொடரில் மட்டும் தான் இதனினும் மிக உயர்ந்த மலை முகடுகளும் கொடுமுடிகளும் உள்ளன. இமய மலையிலே 7000 மீ உயரத்தையும் தாண்டிய ஓங்கிய கொடுமுடிகள் (சிகரங்கள்) 100க்கும் மேலாக உள்ளன."
25,கே-2 கொடுமுடி,"உலகில் உள்ள மலைகளிலேயே உயரத்தில் இரண்டாவதாக இருப்பது இக் கே-2 என்னும் கொடுமுடிதான்.
இது இமயமலைத் தொடரிலே உள்ள காரகோரம் மலைகளில் 8,611 மீ உயரமுள்ள கடுங் கொடுமுடி. ஜம்மு காஷ்மீர் மாநிலத்தின் பகுதியான, பாக்கிஸ்தான் ஆக்கிரமித்த ஜில்ஜிட்-பல்திஸ்தானில் உள்ளது.[1]"
26,டெயிட்,"டெயிட் மலை (Mount Teide, எசுப்பானியம்: Pico del Teide, என்பது கேனரி தீவுகளில் அமைந்துள்ள ஒரு எரிமலை. இதன் உயரம் 3,718 மீட்டர் ஆகும். இதுவே எசுப்பானியாவின் மிக உயர்ந்த பகுதியும், அத்திலாந்திக் தீவுகளில் கடல் மட்டத்துக்கு மேலே மிக உயர்ந்த புள்ளியும், மற்றும் உலகின் மூன்றாவது உயரமான எரிமலையும் ஆகும்."
27,சிம்போரசோ,சிம்போரசோ (Chimborazo) என்பது தற்போது இயங்காத நிலையில் உள்ள ஓர் எரிமலை ஆகும். இது எக்குவடோர் நாட்டில் உள்ளது. அந்தீசு மலைத் தொடரில் உள்ள புகழ் வாய்ந்த மலை இதுவாகும். புவியின் நடுவிலிருந்து கூடிய தூரத்தில் உள்ள இடம் இம்மலையின் உச்சியே ஆகும் (புவி கிடையாகச் சற்று நீள்வட்ட வடிவில் உள்ளது.). புவியிலிருந்து விண்வெளிக்கு அருகே உள்ள இடமும் இதுவே. நிலநடுக்கோட்டுக்கு அருகில் இருந்தாலும் இதன் உச்சியானது ஆண்டு முழுவதும் பனியால் மூடப்பட்டிருக்கும். இவ்வெரிமலை கடைசியாக கி. பி. 550 ஆம் ஆண்டு வெடித்தது.
28,தவுளகிரி,"தௌலாகிரி (धौलागिरी) என்னும் மலை உலகிலேயே 7 ஆவது உயரமான மலை ஆகும். இதன் உயரம் 8,167 மீட்டர் (26,794 அடி) ஆகும். நேபாளத்தில், தௌளகிரி இமாலயம் என்னும் கிழக்குப் புறம் உள்ள மலைத்தொடரில் இது உள்ளது. பொக்காரா என்னும் சிறு நகரத்தின் வடமேற்கே இம்மலை அமைந்துள்ளது. இம்மலைக்கு அருகில் உள்ள காளி கண்டாகி என்னும் ஆழ்பள்ளத்தாக்கின் கிழக்கே அன்னப்பூர்னா மலை உள்ளது. தௌலாகிரி என்றால் வெண்மலை என்று பொருள்."
29,மனசுலு,"மனஸ்லு (நேபாளம்: मनास्लु, குட்டாங் (Kutang) என்றும் பெயர்) மலையானது உலகிலேயே 8 ஆவது உயரமான மலை. இது நேபாளத்தில் உள்ள மனசிரி இமாலயம் என்னும் மலைத்தொடரில் உள்ளது. மனஸ்லு என்னும் பெயர் சமஸ்கிருத மொழியில் மனதின் சிகரம் என்னும் பொருள் தருவதாகும்."
31,கொஸ்கியஸ்கோ மலை,"கொஸ்கியஸ்கோ மலை அல்லது கஸ்கியஸ்கோ மலை (Mount Kosciuszko அல்லது Mount Kosciusko) என்பது ஆஸ்திரேலியாவின் நியூ சவுத் வேல்ஸ் மாநிலத்தில் பனி மலைகளில் அமைந்துள்ள மலை ஆகும். கடல் மட்டத்தில் இருந்து 2,228 மீட்டர்கள் (7,310 அடி) உயரமுள்ளது. இதுவே ஆஸ்திரேலியாவின் பெரு நிலப்பரப்பில் உள்ள மலைகளில் மிக உயரமான மலையாகும். போலந்தின் தேசியவீரரான தாடஸ் கொஸ்கியஸ்கோ நினைவாக போலந்து நாடுகாண் பயணியும் மலையேறியுமான ""போல் எட்மண்ட் ஸ்திரிசெலெஸ்கி"" என்பவரால் 1840 ஆண்டு கொஸ்கியஸ்கோ மலை என இம்மலைக்குப் பெயரிடப்பட்டது[1]."
32,சிசாபங்மா,"சிசபங்மா உலகின் 14 ஆவது உயரமான மலையும், எண்ணாயிரம் மீட்டர்களுக்கு அதிகமான உயரத்தைக் கொண்ட மலைகளுள் உயரம் குறைந்ததும் ஆகும். இது 8013 மீட்டர் (26,289 அடிகள்) உயரம் கொண்டது. இது முழுதாகவே சீனாவுக்குள் இருப்பதும், 1950 களிலும் அதற்குப் பின்னரும் இப் பகுதிக்குள் செல்வதற்குச் சீனா தடை விதித்திருந்ததாலும், வெளிநாட்டவர்கள் இதில் ஏறும் முயற்சியில் இறங்க முடியாதிருந்தது. இதனால் எண்ணாயிரம் மீட்டர்களுக்கு மேற்பட்ட மலைகளுள், உச்சியை அடைவதில் கடைசியாக வெற்றிபெற்ற மலையும் இதுவே."
33,சோ ஓயு மலை,"சோ ஓயு (அல்லது கோவோவுயாக்; நேபாள மொழியில் चोयु சோயு, திபெத்திய மொழியில் jo bo dbu yag ஜொ போ த்பு ஓயு, சீன மொழியில் 卓奧有山 சௌ ஆஓயு ஷான்) மலையானது உலகிலேயே ஆறாவது உயரமான மலை ஆகும். இது இமய மலைத்தொடரில் உள்ளது. எவரெஸ்ட் மலைக்கு மேற்கே 20 கி.மீ தொலைவில் நேபாளத்திற்கும் சீனாவிற்கும் இடையே உள்ளது. சோ ஓயு என்றால் திபெத்திய மொழியில் பசும்நீல அம்மன் என்று பொருள்படும்."
34,லோகன் மலை,"லோகன் மலை (Mount Logan) கனடாவின் யூக்கான் நிலப்பகுதியில் அமைந்த மலையாகும். இம்மலை கனடாவிலேயே மிக உயரமானது; மெக்கின்லி மலையுக்கு அடுத்தபடியாக வட அமெரிக்காவில் மிக உயரமானது. குலுவேன் தேசியப் பூங்காவில் அமைந்த இம்மலையின் உயரம் 5,959 மீட்டர்கள் ஆகும். அண்டார்டிக்கா தவிர உலகில் மிக குளிரான இடங்களில் ஒன்றாகும்."
35,தம்போரா எரிமலை,தம்போரா எரிமலை (அல்லது தம்போரோ) (இந்தோனேசிய மொழி: Gunung Tambora) இந்தோனேசியாவின் சும்பவா தீவில் அமைந்த சுழல்வடிவ எரிமலை. தம்போராவின் வடக்கிலும் தெற்கிலும் இருக்கும் கடற் புவியோட்டின் கீழமிழ்தலின் காரணமாக தம்போரா மலை முளைத்தது. 1815ஆம் ஆண்டுக்கு முன்பு 4300 மீட்டர் உயரம் அடைந்தது.
36,மக்காலு,"மக்காலு (நேபாளத்தில் ஏற்புடைய பெயர் मकालु'; சீனாவில் ஏற்புடைய பெயர் மக்காரு:马卡鲁山; பின்யின்:மக்காலு ஷான் Mǎkǎlǔ Shān) உலகிலேயே ஐந்தாவது உயரமான மலை. இது இமய மலைத் தொடரில் எவரெஸ்ட் மலைக்கு கிழக்கே 22 கி.மீ தொலைவில் அமைந்துள்ளது. மக்காலு தனி முகடாக நான்கு முகம் கொண்ட சதுரவடி கூம்புப் பட்டகம் போல் உள்ளது. மலையின் உச்சி கடல் மட்டத்தில் இருந்து 8,462 மீட்டர் (27,762 அடி) உயரத்தில் உள்ளது. உயரமான பின்புல மலைப்பகுதியில் இருந்து இதன் தனி முகடு மட்டுமே 2,386 மீ (7,828 அடி) நிற்கின்றது."
37,பைச்சான் காங்ரி,"அகல முகடு அல்லது கே3 எனவும் அறியப்படும் பல்சான் காங்ரி, உலகின் 12 ஆவது உயரமான மலையாகும். சீனாவுக்கும், பாக்கிசுத்தானுக்கும் இடையிலான எல்லையில், கே2 என அழைக்கப்படும் மலையில் இருந்து 8 கிலோமீட்டர்கள் (5 மைல்) தொலைவில் இது அமைந்துள்ளது. கே 2 க்கு அருகில் இருந்ததால் இது கே 3 எனப் பெயரிடப்பட்டது பின்னர் இதன் முகடு 1 1/2 கிலோமீட்டர்கள் நீளமாக இருப்பதைக் கண்டு இதனை ""அகல முகடு"" என அழைக்கலாயினர்.[2]"
38,கசெர்பிரம் II,"கே4 எனவும் அழைக்கப்படும் கசெர்பிரம் II உலகின் 13 ஆவது உயரமான மலையாகும். இது பாகிசுத்தானுக்கும், சீனாவுக்கும் இடையிலான எல்லையில் அமைந்துள்ளது. இது இமயமலைத் தொடரின் காராக்கோரம் தொடரில் ஒரு பகுதியாக உள்ளது. 1956 ஆம் ஆண்டில், ஆசுத்திரிய மலையேறும் குழுவைச் சேர்ந்த பிரிட்சு மொராவெக், சோசப் லாச், ஆன்சு விலென்பார்ட் ஆகியோர் முதன் முதலான இதன் உச்சியை அடைந்தனர்."
39,புர்கான் கல்துன்,புர்கான் கல்துன் (சிரில்லிக்: Бурхан Халдун) என்பது கென்டீ மலைத்தொடரில் உள்ள ஒரு மலையாகும். இத்தொடர் வடகிழக்கு மங்கோலியாவின் கென்டீ மாகாணத்தில் அமைந்துள்ளது. இம்மலை அல்லது இதன் இடம் செங்கிஸ் கானின் பிறப்பிடமாக நம்பப்படுகிறது. மேலும் இங்குதான் அவர் புதைக்கப்பட்டதாக நம்பப்படுகிறது. அவரது வெற்றிகரமான தளபதிகளுள் ஒருவரான சுபுதையின் பிறப்பிடமும் இதுதான்.
40,கியாச்சுங் காங்,"கியாச்சுங் காங் இமயமலைத் தொடரின் துணைத்தொடரான மகாலங்கூர் இமால் என்னும் தொடரில் அமைந்த ஒரு மலையாகும். 7,953 மீட்டர்கள் (26,089 அடிகள்) உயரம் கொண்ட இம் மலையே இமயமலைக்கும், சோ ஓயுவுக்கும் இடையில் உள்ள மலைகளுள் மிகவும் உயரமானது. இது நேபாளத்துக்கும் திபேத்துக்கும் இடையில் அமைந்துள்ளது. இது உலகின் 15 ஆவது உயரமான மலை."
41,தாபோர் மலை,"தாபோர் மலை (Mount Tabor, எபிரேயம்: הַר תָּבוֹר, தற்கால Har Tavor திபேரியம் Har Tāḇôr, அரபு மொழி: جبل الطور, Jabal aṭ-Ṭūr, Greek: Όρος Θαβώρ) என்பது இசுரேலின் கீழ் கலிலேயாவில் யெசுரியேல் பள்ளத்தாக்கின் கிழக்கு முடிவில், மேற்கு கலிலேயக் கடலிலிருந்து 11 மைல்கள் (18 km) தொலைவில் உள்ளது. கி.மு. 12ம் நூற்றாண்டின் மத்தியில், இப்பகுதியில் இசுரயேலிய நீதிபதி தெபோரா தலைமையின் கீழ் பாராக்கிற்கும் சிசாரா தலைமையின் கீழான யபீன் படைகளுக்குமிடையில் ""தாபோர் மலை சண்டை"" இடம் பெற்றது. இங்கு இயேசுவின் உருமாற்றம் இடம்பெற்றதாக பல கிறித்தவர்களால் நம்பப்படுகின்றது.[1] இம் மலை உருமாற்ற மலை எனவும் அழைக்கப்படுகின்றது."
42,கசெர்பிரம் 1,"கே5 அல்லது மறைந்துள்ள முகடு எனவும் அழைக்கப்படும் கசெர்பிரம் 1, பாகிசுத்தனுக்கும், சீனாவுக்கும் இடையிலான எல்லையில் அமைந்துள்ள ஒரு மலையாகும். இது உலகின் 11 ஆவது உயரமான மலை. இமயமலைத் தொடரின் காராக்கோரம் பகுதியில் இது அமைந்துள்ளது. ""மின்னும் சுவர்"" என்னும் பொருள் கொண்ட இப் பெயர் மிகவும் தெளிவாகத் தெரிவதும், அருகில் அமைந்துள்ளதுமான கசெர்பிரம் IV மலையின் தோற்றத்தைத் தழுவி ஏற்பட்டதாகக் கருதப்படுகிறது."
43,குனோங் தகான்,"குனோங் தகான் அல்லது தகான் மலை (மலாய் மொழி: Gunung Tahan; ஆங்கிலம்: Mount Tahan) என்பது தீபகற்ப மலேசியாவில் மிக உயர்ந்த மலையாகும். மலேசியாவில் குனோங் தகான் என்றே பரவலாக அழைக்கப் படுகிறது. பகாங், ஜெராண்டுட் நகரில் இருந்து 76 கி.மீ. தொலைவில் இருக்கிறது. தகான் மலையின் உயரம் 2,187 மீட்டர், (7,174 அடி).[2] இந்த மலை தகான் மலைத்தொடரில் அமைந்து இருக்கிறது."
44,அத்தி பர்வதம்,"அத்தி பர்வதம் (Hathi Parbat, இந்தி: हाथी पर्बत   ) எலிஃபண்ட் பீக் என்றும் அழைக்கப்படுவது இந்தியாவில் உள்ள கர்வால் இமயமலையில் உள்ள ஒரு மலையாகும். இது உத்தரகண்ட்ட மாநிலத்தின் சாமோலி மாவட்டத்தில் அமைந்துள்ளது. இதன் உச்சி 6,727 மீட்டர்கள் (22,070 ft) ) உயரம் கொண்டது."
45,புஞ்சா ஜாயா,புன்சாக் ஜெயா அல்லது ஜெய விஜயா மலை (Puncak Jaya) இந்தோனேசியா நாட்டின் மேற்கு பாப்புவா தீவு மாகாணத்தில் உள்ள சுதிர்மான் மலைத்தொடரில் அமைந்த புஞ்சாக் ஜெயா சிகரம் 4884 மீட்டர் உயரத்தில் உள்ளது. இம்மலை எரிமலை வகையைச் சேர்ந்தது. பனிபடர்ந்த இச்சிகரம் உலகின் ஏழு கொடுமுடிகளில் ஒன்றாகும். இந்தியாவின் மாலவத் பூர்ணா பனிபடர்ந்த புன்சாக் ஜெயா சிகரத்தை கடந்து எழு கொமுடிகளை கடந்தவர் எனப்பெயர் பெற்றவர்.
46,சினாபுங்,"சினாபுங் (Sinabung, இந்தோனேசியம்: Gunung Sinabung) என்பது இந்தோனேசியாவின் சுமாத்திராப் பகுதியில் அமைந்துள்ள ஒரு சுழல்வடிவ எரிமலை ஆகும். மெதான் என்ற சுமாத்திராவின் முக்கிய நகரத்தில் இருந்து தென்மேற்கே 60 கிமீ தூரத்தில் அமைந்துள்ளது. இந்த எரிமலை வெடித்ததற்கான ஆதாரபூர்வமான தகவல்கள் இது முதற்தடவையாக 2010, ஆகத்து 29 இல் வெடிக்கும் வரை பதியப்பட்டிருக்கவில்லை[1]."
47,ஒலிவ மலை,"ஒலிவ மலை (Mount of Olives அல்லது Mount Olivet, எபிரேயம்: הַר הַזֵּיתִים, Har HaZeitim; அரபு மொழி: جبل الزيتون, الطور, Jabal az-Zaytūn, Aț-Țūr) என்பது எருசலேம் பழைய நகருடன் கிழக்கிலிருந்து இணையும் மலைத் தொடராகும்.[1] இதன் சரிவுப் பகுதிகளை ஒலிவ மரங்கள் மூடியிருந்ததால் இதற்கு ஒலிவ மலை என்ற பெயர் கிடைத்தது. இதன் தென் பகுதி பண்டைய யூதேய அரசின் இடுகாடாகவிருந்தது.[2] இம்மலை யூதப் பாரம்பரியத்தின் மத்தியமாகவிருக்கிறது. இது 3,000 வருடங்களாக யூதர்களின் இடுகாடாக இருந்து வந்து, கிட்டத்தட்ட 150,000 சமாதிகளைக் கொண்டுள்ளது.[3] இயேசுவின் வாழ்வின் சில முக்கிய சம்பவங்கள் நற்செய்திகளில் தொடர்புள்ளவாறு இங்கு இடம்பெற்றுள்ளன. திருத்தூதர் பணிகள் இங்கிருந்துதான் இயேசு விண்ணகம் சென்றார் எனக் குறிப்பிடுகின்றது. இயேசுவுடனும் மரியாளுடனும் இப்பகுதி தொடர்பு பெறுவதால் பண்டைய காலந்தொட்டு இன்று முதல் கிறித்தவர்களின் வழிபாட்டுத்தளமாகவும் கிழக்கு, கத்தோலிக்க, புரட்டஸ்தாந்து கிறித்தவர்களின் முக்கிய யாத்திரைத்தளமாகவும் இது விளங்குகின்றது."
48,எர்சில் மலை,"எர்சில் மலை (Mount Herzl, எபிரேயம்: הר הרצל‎), மேலும் Har HaZikaron (எபிரேயம்: הר הזכרון‎ நேரடி மொழிபெயர்ப்பு: ""நினைவு கூரல் மலை"") இசுரேலின் தேசியக் இடுகாட்டையும் மற்ற நினைவக, கல்வி அமைப்புக்களையும் உள்ளடக்கி எருசலத்தின்  மேற்குப் பகுதியில் எருசலக் காடுகளை அடுத்து அமைந்துள்ள பகுதியாகும். தற்கால அரசியல் சீயோனிச நிறுவனரான  தியோடர் எர்சில் நினைவாகப் பெயர் சூட்டப்பட்டுள்ளது.  குன்றின் சிகரத்தில் எர்சிலின்  கல்லறை உள்ளது. பெரும் இன அழிப்பின் நினைவுச் சின்னமான யாட் வசெம், எர்சில் மலைக்கு மேற்கே உள்ளது.  போரில் இறந்த இசுரேலிய வீரர்கள் இங்கு அடக்கம் செய்யப்படுகின்றனர்[1][2]."
49,மச்சபூச்சர மலை,"மச்சபூச்சரம் (Machapuchare),   வடமத்திய நேபாளத்தில், இமயமலை மலத்தொடரில் அன்னபூர்னாவிற்கு தெற்கில் இரட்டை உச்சிககளுடன் கூடிய மலையாகும். நேபாள மக்கள்,  இம்மலையை சிவபெருமானின் உறைவிடம் எனக் கருதுவதால், இம்மலையில் மக்கள் ஏறுவதற்கு அனுமதி மறுக்கப்பட்டுள்ளது.[1]"
50,லைகாபெட்டஸ் மலை,"லைகாபெட்டஸ் மலை (Mount Lycabettus), என்பது கிரேக்க தலைநகரான ஏதென்சில் உள்ள ஒரு கிரீத்தேசிய சுண்ணக்கல் மலை ஆகும். இது கடல் மட்டத்திலிருந்து  277 மீட்டர் (908 அடி) உயரம் கொண்டதாக உள்ளது. இதன் உச்சி நடு ஏதென்சில் மிக உயரமான இடமாகும். இந்த மலையின் அடிவாரமானது பைன் மரங்கள்  நிறைந்ததாக உள்ளது. மலையின் கிழக்கே கீழே உள்ள குடியிருப்புப் பகுதியையும் இதே பெயரால் குறிக்கப்படுகிறது."
51,நந்தா தேவி,"நந்தா தேவி என்பது இந்தியாவின் இரண்டாவது உயரமான சிகரம். மலையின் முழுப்பகுதியும் இந்தியாவில் இருப்பவற்றில் இதுவே மிகவும் உயரமானது. இந்தியாவின் முதல் உயரமான கஞ்சன்சங்கா சிகரம் இந்தியா, நேபாளம் ஆகிய இருநாடுகளையும் தொட்டுக்கொண்டுள்ளது. இது இமயமலைத்தொடரின் கார்வால் பகுதியில் உத்தராகண்ட் மாநிலத்தின் சமோலி மாவட்டத்தில் உள்ளது."
52,டாய் மலை,"டாய் மலை (Mount Tai, சீனம்: 泰山; பின்யின்: Tài Shān) சீனாவின் சான்டோங் மாநிலத்தில் டாய் யன் நகரத்தின் வடக்கில் அமைந்துள்ள வரலாற்றுச் சிறப்புமிக்க, பண்பாட்டு மையமான மலையாகும். பச்சைக்கல் பேரரசர் சிகரம் (எளிய சீனம்: 玉皇顶; மரபுவழிச் சீனம்: 玉皇頂; பின்யின்: Yùhuáng Dǐng) இந்த மலையின் மிக உயர்ந்த சிகரமாகும்; இது உயரம் பொதுவாக 1,545 மீட்டர்கள் (5,069 ft) எனக் குறிப்பிடப்படுகின்றது;[2] ஆனால் சீன மக்கள் குடியரசு இதன் உயரத்தை 1,532.7 மீட்டர்கள் (5,029 ft)ஆகக் குறித்துள்ளது.[3]"
53,இதோம்,"இதோம் மலை (Mount Ithome) என்பது கிரேக்கத்தின் மெசேனியாவில் உள்ள இரட்டை சிகரங்களில் வடக்கே உள்ள ஒரு மலையாகும்.  இதோம் மலை சுமார் 800 மீட்டர்கள் (2,600 அடிகள்), 760 மீட்டர்கள் (2,490 அடிகள்) வரை  உயர்ந்து காணப்படுகிறது. அருகில் உள்ள மற்றொரு சிகரமான ஈவா மலை ( கிரேக்கம்: Εύα‎   ), 700 மீட்டர்கள் (2,300 அடிகள்) உயரம் கொண்டது. அது இதோமி மலையுன் 0.80 kiloமீட்டர்கள் (0.50 மைல்கள்) நீளமுள்ள மெல்லிய மேட்டினால் இணைக்கப்பட்டுள்ளது."
54,சாம்லாங்,"சாம்லாங் இமயமலையில் உள்ள ஒரு மலைத்தொடர் ஆகும். இதன் சிகரம் நேபாளம் நாட்டின் மகாலங்கூர் இமால்ன் தென் பகுதியில் அமைந்துள்ளது. இதன் சிகரம் மக்காலு அருகே அமைந்துள்ளது. சாம்லாங்கின் உயரம் 7,319 மீட்டர்கள் (24,012 ft) ஆகும்."
55,மேசை மலை,"மேசை மலை (Table Mountain, கோய்கோய் மொழி: ஹோரிக்வாகோ, ஆபிரிக்கான மொழி: டாபெல்பெர்கு) தென்னாப்பிரிக்காவின் கேப் டவுன் நகரத்திற்கு அருகிலுள்ள, முதன்மையான அடையாளச் சின்னமாக உருவாகியுள்ள தட்டைப் பரப்பு  மலை ஆகும். இது  கேப் டவுன் கொடியிலும் மற்ற அரசு சின்னங்களிலும் இடம் பெற்றுள்ளது.[2] குறிப்பிடத்தக்க சுற்றுலா ஈர்ப்புள்ள இந்த மலையில் வருகையாளர்களுக்காக தொங்கூர்திகள் அமைக்கப்பட்டுள்ளன; மலைநடை செல்வோருக்கும்  தடங்கள் அடையாளப்படுத்தப்பட்டுள்ளன. மேசை மலைத் தேசியப் பூங்காவின் அங்கமாக இந்த மலை உள்ளது."
56,எர்மோன் மலை,"எர்மோன் மலை (Mount Hermon, அரபு மொழி:  جبل حرمون , جبل الشيخ / ALA-LC: Jabal al-Shaykh / ""Mountain of the Chief"" ""Jabal Haramun""; எபிரேயம்: הר חרמון‎, Har Hermon, ""Mount Hermon"") என்பது லெபனான் கிழக்கு மலைத் தொடரிலுள்ள மலைக் கூட்டமாகும். இதன் சிகரம் சிரியாவிற்கும் லெபனானுக்கும் இடைப்பட்ட எல்லையில் பரவியுள்ள[1] இது கடல் மட்டத்திலிருந்து 2,814 மீட்டர் (9,232 அடி) உயரத்தில் அமைந்துள்ளதும், சிரியாவின் உயரமிக்க இடமுமாகும்.[2] சிரியாவிற்கும் இசுரேல் கைப்பற்றிய பகுதிக்கிடையிலான  ஐ.நா. ஈடுபாடற்ற நிலை அவதானிப்பு படை பிரதேசத்தில் உள்ள உச்சியில் “எர்மோன் உணவு விடுதி” அமைந்துள்ளது. இங்கே உலகில் அதிகளவு நிரந்தர ஐ.நா.வின் படைகள் அமர்த்தப்பட்டுள்ளன.[3] எர்மோன் மலையின் தென் சரிவுப் பகுதிகள் இசுரேல் கைப்பற்றிய கோலான் குன்றுகள் வரை பரவிக் காணப்படுகின்ற இடத்தில் ""எர்மோன் மலை பனி நடை ஓய்விடம்"" அமைந்துள்ளது.[4] இங்குள்ள உச்சி 2,236 மீட்டர் (7,336 அடி) வரை உயர்ந்து இசுரேலிய கட்டுப்பட்டுப் பிரதேசத்தில் உயரமான இடமாகக் காணப்படுகின்றது."
57,கார்மோ மலை,"கார்மோ மலை (தாஜிக் மொழி: Қуллаи Гармо, குல்லை கார்மோ, உருசிய மொழி: пик Гармо, பீக் கார்மோ)மத்திய ஆசியாவில் தஜிகிஸ்தானில் உள்ள பாமிர் மலைத் தொடரில் உள்ள ஒரு மலையாகும். இந்த மலையின் உயரமானது 6,595 மீட்டர்கள் முதல் 6,602 மீட்டர்கள் வரையில் இருக்கும் என அறிவிக்கப்பட்டுள்ளது.[2]"
58,ஐடா பாகுலா,ஐடா பாகுலா (Ida Facula) என்பது வியாழன் கோளின் மிகச்சிறிய நிலவுகளில் ஒன்றான அமால்தியாவில் காணப்படும் பிரகாசமான மலையாகும். 15 கிலோமீட்டர் நீளம் கொண்ட மலையாக ஐடா பாகுலா அறியப்படுகிறது. இதனை அடுத்துள்ள மலையான லைக்டாசு பாகுலா மலையைக் காட்டிலும் இது சிறியதாகும்[1]. 1979 ஆம் ஆண்டு வாயேசர் 1 ஐடா பாகுலாவை  கண்டறிந்த்து. கிரேக்கத் தீவுகளில் பெரியதும் மிகுந்த மக்கள்தொகை கொண்டதுமான தீவான கிரீட் தீவில் வானம் மற்றும் இடியின் கடவுளாகக் கருதப்படும் சியுசு கடவுள் குழந்தையாக விளையாடிய புனித மலை ஐடாவின் நினைவாக அமால்தியாவில் காணப்பட்ட மலைக்கு ஐடா பாகுலா என்று பெயரிடப்பட்டது[2]. முதலில் இம்மலையை எளிமையாக ஐடா என்றே அழைத்தார்கள்[1][3].
59,தில்லா ஜோகியன்,தில்லா ஜோகியன் (Tilla Jogian ) என்பது பாக்கித்தானின் பஞ்சாப் மாகாணத்தின் உப்பு மலைத்தொடரில்  மலையின் உச்சியில் அமைந்துள்ள ஒரு கைவிடப்பட்ட இந்து கோயில் மற்றும் துறவியின் வளாகமாகும்.
60,அரபா குன்று,".mw-parser-output .sidebar{width:22em;float:right;clear:right;margin:0.5em 0 1em 1em;background:#f8f9fa;border:1px solid #aaa;padding:0.2em;text-align:center;line-height:1.4em;font-size:88%;border-collapse:collapse;display:table}body.skin-minerva .mw-parser-output .sidebar{display:table!important;float:right!important;margin:0.5em 0 1em 1em!important}.mw-parser-output .sidebar-subgroup{width:100%;margin:0;border-spacing:0}.mw-parser-output .sidebar-left{float:left;clear:left;margin:0.5em 1em 1em 0}.mw-parser-output .sidebar-none{float:none;clear:both;margin:0.5em 1em 1em 0}.mw-parser-output .sidebar-outer-title{padding:0 0.4em 0.2em;font-size:125%;line-height:1.2em;font-weight:bold}.mw-parser-output .sidebar-top-image{padding:0.4em}.mw-parser-output .sidebar-top-caption,.mw-parser-output .sidebar-pretitle-with-top-image,.mw-parser-output .sidebar-caption{padding:0.2em 0.4em 0;line-height:1.2em}.mw-parser-output .sidebar-pretitle{padding:0.4em 0.4em 0;line-height:1.2em}.mw-parser-output .sidebar-title,.mw-parser-output .sidebar-title-with-pretitle{padding:0.2em 0.8em;font-size:145%;line-height:1.2em}.mw-parser-output .sidebar-title-with-pretitle{padding:0.1em 0.4em}.mw-parser-output .sidebar-image{padding:0.2em 0.4em 0.4em}.mw-parser-output .sidebar-heading{padding:0.1em 0.4em}.mw-parser-output .sidebar-content{padding:0 0.5em 0.4em}.mw-parser-output .sidebar-content-with-subgroup{padding:0.1em 0.4em 0.2em}.mw-parser-output .sidebar-above,.mw-parser-output .sidebar-below{padding:0.3em 0.8em;font-weight:bold}.mw-parser-output .sidebar-collapse .sidebar-above,.mw-parser-output .sidebar-collapse .sidebar-below{border-top:1px solid #aaa;border-bottom:1px solid #aaa}.mw-parser-output .sidebar-navbar{text-align:right;font-size:115%;padding:0 0.4em 0.4em}.mw-parser-output .sidebar-list-title{padding:0 0.4em;text-align:left;font-weight:bold;line-height:1.6em;font-size:105%}.mw-parser-output .sidebar-list-title-c{padding:0 0.4em;text-align:center;margin:0 3.3em}@media(max-width:720px){body.mediawiki .mw-parser-output .sidebar{width:100%!important;clear:both;float:none!important;margin-left:0!important;margin-right:0!important}}"
61,மூருட் மலை,"மூருட் மலை (மலாய் மொழி: Gunung Murud; ஆங்கிலம்: Mount Murud) என்பது மலேசியாவில் ஐந்தாவது உயர்ந்த மலையாகும். அதே வேளையில் சரவாக் மாநிலத்தில் மிகவும் உயர்ந்த மலை என்று தடம் பதிக்கிறது. இந்த மலையின் உயரம் 2,424 மீட்டர், (7,946 அடி). சரவாக் லிம்பாங் பிரிவு மாவட்டத்தில் அமைந்து உள்ளது.[1]"
62,ரிஞ்சனி மலை,"ரிஞ்சனி மலை (Mount Rinjani; அல்லது ரிஞ்சனி குனுங் (Gunung Rinjani) இது தென்கிழக்காசியா, மற்றும் ஓசியானியா என இரு கண்ட நாடான இந்தோனேசியாவின் மேற்கு நுசா டென்காரா மாகாணத்தில், உள்ள லொம்போத் தீவில் அமைந்துள்ள ஒரு எரிமலையாகும். 3.726 மீட்டர் (12,224 அடி) உயரமுடைய இது, இந்தோனேசியாவின் இரண்டாவது மிக உயர்ந்த எரிமலையாக விளங்குகிறது.[2] மேலும் இம்மலை நிர்வாக ரீதியாக, மேற்கு நுசா டென்காரா பகுதியின் வட லொம்போ (இந்தோனேசியன்: நுசா டென்காரா பாராட், NTB). ஆட்சியின் கீழ் உள்ளது.[3]"
63,கயிலை மலை,"கயிலாய மலை, கைலை மலை, கைலாச மலை, திருக்கயிலாய மலை அல்லது கைலாசம் அல்லது கைலாயம் இமயமலை உள்ள கயிலை மலைதொடரில் உள்ள ஒரு புகழ் பெற்ற பர்வதம் ஆகும். இதன் உயரம் 6,638 மீ. இம்மலையில் இருந்துதான் பெரும் சிந்து நதி, சட்லெச்சு ஆறு, காக்ரா ஆறு மற்றும் பிரம்மபுத்திரா ஆறுகள் உற்பத்தியாகின்றன. இதனருகே புகழ் பெற்ற மானசரோவர் நன்னீர் ஏரியும், இராட்சதலம் எனும் உப்பு நீர் ஏரியும் உள்ளன.[1] மானசரோவர் ஏரி உலகிலேயே மிக உயரத்தில் உள்ள நன்னீர் ஏரியாகும். இங்கு வரும் யாத்திரிகர்கள் இந்த ஏரியில் புனித நீராடுவது வழக்கம். இந்த கயிலை பர்வதத்தின் அடிவாரத்தைச் சுற்றி வலம் வருவதைத்தான் பக்தர்கள் புனித கடமையாகக் கருதுகிறார்கள். 52 கிலோ மீட்டர் தொலைவு கொண்ட இந்த கிரிவலம் பாதையில் பயணிக்க குறைந்தபட்சம் 15 மணி நேரம் ஆகும்."
64,விட்னி மலை,"விட்னி மலை (Mount Whitney) ஐக்கிய அமெரிக்காவின் 48 தொடர் மாநிலங்களில் (48 contiguous states) மிக உயரமான மலையாகும். 4,421 மீட்டர் உயரமான இம்மலை கலிபோர்னியா மாநிலத்தின் கிழக்கில் அமைந்த செக்குவோயா தேசியப் பூங்காவில் அமைந்துள்ளது. சியெறா நெவாடா மலைத்தொடரைச் சேர்ந்தது."
65,குவாத்தமாலா தீ எரிமலை,"குவாத்தமாலா தீ எரிமலை என்பது குவாத்தமாலாவில் உள்ள ஒரு சுழல்வடிவ எரிமலை ஆகும். இது சிமிலிந்தாங்கோ, எஸ்க்யுன்ட்லா மற்றும் சேக்கெபேக்ஸ் துறைகள் ஆகியவற்றின் எல்லைகளில் அமைந்துள்ளது.இது அன்டிகுவாவின் மேற்கில் சுமார் 16 கிலோமீட்டர் (9.9 மைல்) உள்ளது. இது குவாத்தமாலாவின் புகழ்பெற்ற நகரங்களில் ஒன்றாகும்.இது 2018 ஆம் ஆண்டு ஜூன் மாதத்திற்கு   பின்னர் அடிக்கடி வெடித்தது.[1][2][3][4]"
66,பினாங்கு மலை,"பினாங்கு மலை (மலாய் மொழி: Bukit Bendera; ஆங்கிலம்: Penang Hill) என்பது மலேசியாவில் ஒரு மலை வாழிடமாகும்.[1] பினாங்குத் தீவில், இந்த மலை வாழிடம் அமைந்து உள்ளது. பினாங்கு மாநிலத்தின் ஜார்ஜ் டவுன், பினாங்கு தலைநகர் மையத்தில் இருந்து 6 கி.மீ. தொலைவில் உள்ளது.[2] பினாங்கு மலையை, மலேசியத் தமிழர்கள் கொடி மலை (Flagstaff Hill) என்று அழைக்கிறார்கள்."
67,துருஸ்மாடி மலை,"துருஸ்மாடி மலை (மலாய் மொழி: Gunung Trusmadi; ஆங்கிலம்: Mount Trusmadi) என்பது மலேசியாவில் இரண்டாவது உயர்ந்த மலையாகும். இது சபா, தம்புனான் மாவட்டத்தில், தம்புனான் நகரில் இருந்து 20 கி.மீ. தொலைவில் இருக்கிறது. மலேசியாவில் மிக உயர்ந்த மலையான கினபாலு மலைக்கு அருகாமையில் இருக்கும் இந்த மலையின் உயரம் 2,642 மீட்டர், (8,669 அடி).[1]"
68,மார்சபிட் மலை,"மார்சபிட் மலை (Mount Marsabit) என்பது 6300 கிமீ² கென்யாவில் உள்ள கேடய எரிமலை ஆகும்,  கிழக்கு ஆப்பிரிக்க பிளவு மையத்திலிருந்து 170 கிமீ கிழக்கில்,  மார்சபைட் கவுண்டியில் மார்சபிட்  நகருக்கு அருகில் உள்ளது.  இது முதன்மையாக ஓலிகோசைன் மற்றும் பியோசைன் சகாப்தங்களுக்கு இடைபட்டக் காலத்தின் போது உருவானது, சில எரிமலை குமுறல்கள் சமீபத்தில் ஏற்பட்டது."
69,லோக்கோன் மலை,"லோக்கோன் மலை (Mount Lokon), என்பது இந்தோனேசியாவின் சுலாவெசி தீவில் அமைந்துள்ள இரட்டை எரிமலைகளுள் ஒன்றாகும். இதற்கு 2.2 கிமீ தூரத்தில் எம்புங் மலை காணப்படுகிறது. இத்தீவின் டொண்டானோ சமவெளிக்கு மேலாக இரண்டு எரிமலைகளும் உயர்து காணப்படுகின்றன. சுலாவெசி தீவில் உள்ள உயிர்ப்புள்ள எரிமலைகளில் இதுவும் ஒன்றாகும். லோக்கோன் எரிமலை தட்டையானதும், பெருவாய் அற்றது ஆகும்[1]"
70,பாரன் தீவு,"பாரன் தீவு (Barren Island)  என்பது இந்திய ஒன்றியம், அந்தமான் நிகோபார் தீவுக்கூட்டத்தைச் சேர்ந்த ஒரு தீவாகும். இத்தீவு  அந்தமான் கடலில் உள்ளது. இது அந்தமான் தீவுச் சங்கிளியின் கிழக்கில் தொலைவில் உள்ள ஒரு தீவாகும்.  இங்குதான் தெற்காசியாவிலேயே   விழித்திருக்கும் ஒரே  எரிமலை உள்ளது என உறுதி செய்யப்பட்டுள்ளது. இது ஆட்சிப்பகுதியின் தலைநகரான போர்ட் பிளேரில் இருந்து வடகிழக்காக 135 km (84 mi)  தொலைவில் உள்ளது. இதில் உள்ள எரிமலை வெடிப்பு குறித்து முதல் பதிவு கி.பி. 1787 முதல் உள்ளது, அப்போதுமுதல்  பத்துமுறைக்கு மேல் எரிமலை வெடித்துள்ளது. மிக அண்மையில் செப்டம்பர் 2010 மற்றும் சனவரி  2011 இல் வெடித்துள்ளது.[1]"
71,மீரா (சிகரம்),"இது இமயமலையில் உள்ள பாருன் பகுதியின் ஒரு சிகரம் ஆகும்.ஆனால் இதன் நிர்வாகம் சோலுகும்பு மாவட்டம் சாகர்மாதாவின் கட்டுப்பாட்டில் உள்ளது. இதன் 21,247 அடிகள் உயர்த்தில் உள்ள சிகரம் ஒரு சிறந்த மலையேற்ற சிகரமாக அறியப்படுகிறது.[2]"
72,கெந்திங் மலை,"கெந்திங் மலை (மலாய் மொழி: Tanah Tinggi Genting; ஆங்கிலம்: Genting Highlands) என்பது மலேசியாவில் ஒரு மலை வாழிடமாகும். பகாங் - சிலாங்கூர் மாநிலங்களின் எல்லைப் பகுதிகளில், தித்திவாங்சா மலைத் தொடரில் இந்த மலை வாழிடம் அமைந்து உள்ளது.[1] இங்கு குளிர்மையான தட்ப வெட்ப நிலை நிலவுகிறது."
73,பேய்க் கோபுரம்,"பேய்க் கோபுரம் (Devils Tower, லகோட்டா மொழி: Matȟó Thípila (""கரடி வீடு"") அல்லது Ptehé Ǧí (""கறுப்பு எருமைக் கொம்பு"") (அரபாகோ மொழி: Wox Niiinon [5]) என்பது தென்கிழக்கு வயோமிங்கின் குறூக் கவுண்டியில் அமைந்துள்ள ஓர் தீப்பாறை குவிவளை முகடு ஆகும். இது 1,267 அடி (386 மீ) உயரத்திற்கு சூழவுள்ள நிலப்பிரதேசத்திலிருந்து உயர்ந்தும், கடல் மட்டத்திலிருந்து இதன் சிகரம் 5,114 அடி (1,559 மீ) உயரத்திலும் உள்ளது."
74,பாங்கயான் மலைகள்,"பாங்கயான் மலைகள் (Pangaion Hills, கிரேக்கம்: Παγγαίο‎     ; பண்டைக் கிரேக்கம்: Καρμάνιον ) என்பது கிரேக்கத்தில் உள்ள ஒரு மலைத் தொடர் ஆகும். இது கவாலாவிலிருந்து தோராயமாக 40 கி.மீ. தொலைவில் உள்ளது. இதில் மிக உயர்ந்த சிகரம் 1,956 மீ கொண்ட கூத்ரா சிகரம் ஆகும். இதன் தெற்கே ஏஜியன் கடலும்,  வடக்கே பிலிப்பி - கவாலா சமவெளிகளும் உள்ளன. இந்த மலைத்தொடரின் ஒரு பகுதி செர்ஸ் பிராந்திய அலகின் தென்கிழக்கு பகுதியிலும்,  கவாலா பிராந்திய அலகின் வடமேற்கு பகுதி மலைகளின் பெரும் பகுதியையும் உள்ளடக்கியதாக உள்ளது."
75,மிகிந்தலை,"மிகிந்தலை (Mihintale, சிங்களம்: මිහින්තලය), இலங்கையில் உள்ள எச்சக்குன்றுகளில் ஒன்றாகும். ஆயிரக்கணக்கான ஆண்டுகளாக தொடர்ந்து ஏற்படும் இயற்கை அனர்த்தங்களினால் மண் உள்ளீர்க்கப்பட்டு, இத்தகைய எச்சக்குன்றுகள் உருவாகின்றன. மகிந்த தேரரின் வருகைக்குப் பின் இந்த எச்சக்குன்றுகள் புண்ணிய இடமாக மாற்றம் பெற்றன. இதனால், வரலாற்றுச் சிறப்பு மிக்க நினைவுச் சின்னங்கள், புதை பொருட்கள் என்பன இங்கு காணப்படுகின்றன. இவை அனுராதபுரக் காலப்பகுதிக்கு உரியவையாகும். வரலாற்றுச் சிறப்பு மிக்க மிகிந்தலை ஒரு சரணாலயம் ஆகும். இது அநுராதபுரத்திலிருந்து 8 கிலோ மீற்றர் கிழக்கு நோக்கி அமைந்துள்ளது. இதன் அமைவிடம் வடக்கில் 80 பாகை ஆகவும் அநுராதபுரம் மாவட்டத்தில் உள்ள தனிமையான மலைக்குன்றுப் பகுதியாகவும் காணப்படுகின்றது. இதில் மிகிந்தலை மலை, எத்வெகர மலை, ஆனைக்குட்டி மலை மற்றும் ராஜகலலென மலை ஆகிய நான்கு மலைகள் உள்ளடங்கியுள்ளன. ஆயினும், பண்டைய காலத்தில் 'மிஸ்ஸக்க பவ்வ' என்ற பொதுப்பெயரால் இது அழைக்கப்பட்டிருந்தது. இந்த மலை 1,000 அடிகளைவிடக் குறைந்தது. மலையின் அனைத்துப் பகுதிகளிலும் கற்பாறைகள், கற்குன்றுகள் போன்றவை காணப்படுகிண்றன. இந்த மலைத் தொடர்ச்சி வடகிழக்குத் திசையை நோக்கிச் செல்கின்றது."
76,பிதுருதலாகலை,"பிதுருதலாகலை (Pidurutalagala, சிங்களம்: පිදුරුතලාගල) இலங்கையின் மிக உயர்ந்த மலையாகும். கடல் மட்டத்திலிருந்து 2524 மீட்டர் (8200 அடி) உயரமான இம்மலை, இலங்கையின் மத்திய மலைநாட்டிலுள்ள நுவரெலியா மாவட்டத்தில் அமைந்துள்ளது. இலங்கை ரூபவாகினி கூட்டுத்தாபனத்தின் மத்திய ஒளிபரப்பு கோபுரமும் இம்மலையிலேயே அமைந்துள்ளது."
77,தராவெரா சிகரம்,தராவெரா சிகரம் நியூசிலாந்து நாட்டின் வடக்கு தீவில் உள்ள ஓர் எரிமலை ஆகும். இது இந்நாட்டில் நடந்த மிகப்பெரிய எரிமலை வெடிப்புக்கு காரணமான சிகரம் ஆகும்.[1] 1886ல் இந்த சிகரத்தில் நடந்த எரிமலை வெடிப்பில் சிக்கி 120 மக்கள் கொல்லப்பட்டனர். [2]
78,ஸ்கோபஸ் மலை,"ஸ்கோபஸ் மலை (Mount Scopus, எபிரேயம் הַר הַצּוֹפִים (Har HaTsofim), அரபு மொழி: جبل المشارف, Ǧabal al-Mašārif, lit. ""Mount Lookout""), جبل المشهد Ǧabal al-Mašhad, جبل الصوانة) ஆனது வடகிழக்கு ஜெருசலேமில் உள்ள ஒரு மலையாகும் (உயரம்: கடல் மட்டத்திலிருந்து 2710 அடி அல்லது 826 மீட்டர் ). 1948 அரபு - இசுரேல் போரின் காரணமாக ஸ்கோபஸ் மலையானது ஐக்கிய நாடுகள் சபையால் பாதுகாக்கப்பட்ட, ஜோர்தானால் நிர்வகிக்கப்பட்ட பகுதியினால் சூழப்பட்ட இஸ்ரேலின் பகுதியாக 1967 ஆம் ஆண்டு ஆறு நாள் போர் வரை இருந்தது. தற்போது ஜெருசலேம் நகரின் எல்லைப் பகுதியில் அமைந்துள்ளது."
79,டை மோ சான் மலை,"டை மோ சான் மலை (  சீன: 大帽山  , ஆங்கிலம்: Tai Mo Shan  ) என்பது ஹொங்கொங்கில் உள்ள அதிக உயரமான மலை குன்றாகும். இம்மலை குன்றின் உயரம் 957 மீட்டர்களாகும். இது ஹொங்கொங் புதிய கட்டுப்பாட்டகம் பகுதியில் அமைந்துள்ளது. இது 14.40 கிலோ மீட்டர் பரப்பளவைக் கொண்டுள்ளது. இது ஹொங்கொங்கின் தேசிய வனப்பகுதியில் அமைந்துள்ளது. இது ஹொங்கொங்கில் உள்ள இன்னுமொரு மலைத்தொடரான டய் லாம் தேசிய வனம் பகுதியை வடக்காக கொண்டுள்ளது."
80,ஜாங்சங் சிகரம்,"ஜொங்சாங் சிகரம் (Jongsong Peak) என்பது இமயமலையின் ஜனக்காக் பகுதியில் உள்ள ஒரு சிகரம் ஆகும். இந்த சிகரம் 7,462 மீட்டர் (24,482 அடி) உயரமுடன் உலகிலேயே 57 வது உயரமான சிகரமாக உள்ளது. ஆனால், இதன் தெற்கே  20 கிமீ (12 மைல்கள்) தொலைவில் உள்ள கஞ்சஞ்சங்கா மலை உலகின் மூன்றாவது பெரிய சிகரமாக உள்ளது. ஜாங்சங் சிகரமானது இந்தியா, நேபாளம், சீனா ஆகிய நாடுகளின் எல்லையின் முத்தரப்பு சந்திப்பில் உள்ளது.[2]"
81,அகஸ்டின் எரிமலை,"அகஸ்டின் எரிமலை (Augustine Volcano)என்பது ஒரு சுழல் வடிவ எரிமலை ஆகும். எரிமலை அடிக்கடி வெடிக்கும் தன்மையுடன் உள்ளது, 1883, 1935, 1963-64, 1976, 1986 மற்றும் 2006 இல் இங்கு  பெரிய வெடிப்புகள் ஏற்பட்டுள்ளன. சிறிய வெடிப்பு நிகழ்வுகள் 1812, 1885, 1908, 1944 மற்றும் 1971 இல் பதிவாகியுள்ளன. பெரிய வெடிப்புகளுக்குப் பின்னர் லாவா பீறிட்டு வெளிப்பரவுகிறது. தென்மத்திய அலாஸ்காவின் கெனாய் தீபகற்பப் பகுதியில் உள்ள தென்மேற்குக் ""குக்"" கழிமுகத்தில் அகஸ்டீன் தீவை இது உருவாக்குகிறது. இது அங்கரேச்சு நகரில் இருந்து தென்மேற்கே 280 கிலோமீட்டர் தொலைவில் அமைந்துள்ளது. அகஸ்டீன் தீவின் பரப்பளவு 83.872 ச.கி.மீ (32.4 சதுர மைல்). அகஸ்டீனின் மேற்குக் கரைக்குச் சற்று அப்பல் உள்ள வெஸ்ட் தீவின் பரப்பளவு 5.142 கிமீ (2.0 சதுர மைல்)."
82,தொட்டபெட்டா,தொட்டபெட்டா (Doddabetta) தமிழ்நாடு நீலகிரி மாவட்டத்தில் உள்ள மிக உயரமான மலை ஆகும். இதன் உயரம் 2623 மீட்டர்கள் ஆகும். இதன் வழக்குச் சொற்கள் கருதத் தக்கவை. [1] இது உதகமண்டலத்தில் இருந்து 8 கிலோமீட்டர் தொலைவில் உள்ளது. இது ஒரு முக்கியமான சுற்றுலாத் தலம் ஆகும். இம்மலையின் உச்சியில் இருந்து சாமுண்டி மலையைப் பார்க்க முடியும்.
83,திரிசூல மலை,திரிசூலம் என்பது மேற்கு குமாவுன் இமயமலை மலைச் சிகரங்களின் ஒரு குழுவாகும். இதன் அதிகபட்ட உயரம் 7120 மீ (திரிசூலம் 1) ஆகும். மூன்று சிகரங்களும் பார்ப்பதற்கு இந்துக்கடவுள் சிவபெருமானின் ஆயுதமான சூலத்தைப் போன்று காட்சியளிக்கின்றன.
84,ஸ்டோக் காங்ரி,"ஸ்டோக் காங்ரி (Stok Kangri) வட இந்தியாவில் ஸ்டோக் பகுதியில் இருக்கும் உயரமான மலை ஆகும். இது இமயமலையின் லடாக் பகுதியில் அமைந்துள்ளது. அதிக உயரம் இருந்தபோதிலும், ஸ்டோக் காங்ரி ஒரு பிரபலமான மலையேற்ற சிகரமாகும். மேலும் உயரமான மலையேறுதலுக்கான ஆரம்ப தொழில்நுட்பமற்ற பயணமாக இது பெரும்பாலும் ஏறப்படுகிறது. இருப்பினும், ஸ்டோக் காங்க்ரியின் சிரமம் பெரும்பாலும் குறைத்து மதிப்பிடப்படுகிறது, மேலும் ஏறும் முன்னும் பின்னும் பழக வேண்டிய அவசியம் ஸ்டோக் காங்கிரியை நீடித்த சவாலாக ஆக்குகிறது.[1][2]"
85,சினாய் மலை,"சினாய் மலை (அரபு: جبل موسى), அல்லது கெபல் மூசா அல்லது ஜபல் மூசா (மோசேயின் மலை) எகிப்தின் சினாய் குடாவிலுள்ள ஒரு மலையாகும். இது கடல் மட்டத்திலிருந்து 2,285 மீற்றர் உயரமானதாகும். சூழவுள்ள சமவெளியிலிருந்து செங்குத்தாக உயர்ந்து காணப்படுகிறது."
86,கிரிகல்பொத்த,"கிரிகல்பொத்த (Kirigalpotha) என்பது இலங்கையின் மத்திய மாகாணத்தில் நுவரேலியா நகருக்கு அண்மையில் அமைந்துள்ளது. இது இலங்கையின் இரண்டாவது உயரமான மலை. இதன் உயரம் கடல் மட்டத்தில் இருந்து 2,388 மீ (7,835 அடி) ஆகும்[1]."
87,சத்ருஞ்ஜெய மலை,"சத்ருஞ்ஜெய மலை (Shatrunjaya) (மனதின் எதிரிகளை வென்ற இடம்) [1] பண்டைய வரலாற்றில் இம்மலையின் பெயர் புண்டரீக மலை என்பதாகும்.  சத்ருஞ்ஜெய மலை, இந்தியாவின் குஜராத் மாநிலத்தின் பவநகர் மாவட்டதின் பாலிதானா நகரத்தில், 580 மீட்டர் உயரத்தில், 2500 படிக்கட்டுகள் கொண்ட சமணர்களின் முக்கியமான புனிதத் தலங்களில் முதன்மையான, 863 சமணக் கோயில்களின் தொகுதி உள்ளது .[2]"
89,துய்லியர் மலை,துய்லியர் மலை (Mount Thuillier) என்பது நிக்கோபார் தீவுகளில் உள்ள மிக உயர்ந்த மலையாகும். இந்தியப் பெருங்கடலில் பெரிய நிக்கோபார் தீவின் மீது அமைந்துள்ள இம்மலை அந்தமான் கடலின் எல்லையாக உள்ளது. கடல் மட்டத்தில் இருந்து 642 மீட்டர் உயரத்தில் இம்மலை அமைந்துள்ளது.
90,அபு மலை,"மவுண்ட் அபு பலுக்கல் (உதவி·தகவல்) இந்தியாவின் மேற்கில் ராஜஸ்தான் மாநிலத்திலுள்ள ஆரவல்லி மலைத் தொடரில் உள்ள உயரமான சிகரமாகும். இது சிரோஹி மாவட்டத்தில் அமைந்துள்ளது. மவுண்ட் அபு பலன்பூருக்கு (குஜராத்) 58 கிமீ உயரத்தில் அமைந்துள்ளது. இந்த மலை 22 கிமீ நீளமும் 9 கிமீ அகலமும் கொண்ட தனிச்சிறப்புமிக்க பீடபூமியை உருவாக்குகிறது. இம்மலையில் உள்ள மிக உயர்ந்த சிகரம், குரு ஷிங்கார் ஆகும், இது கடல் மட்டத்திலிருந்து 1722 மீட்டர் உயரத்தில் அமைந்துள்ளது. இதன் உயரமே ஆறுகளுக்கும், ஏரிகளுக்கும் நீர் வீழ்ச்சிகளுக்கும் பசுமைமாறாக் காடுகளுக்கும் மூலமாக அமைந்துள்ளதால், இது பாலைவனச்சோலை என அழைக்கப்படுகிறது. மவுண்ட் அபுவின் பழைய பெயர் ""அற்புதாஞ்சல் "" ஆகும்"
91,அகத்தியமலை,"அகத்தியமலை அல்லது அகத்தியக் கூடம் என்பது மேற்குத் தொடர்ச்சி மலையில் உள்ள ஒரு மலைமுடியாகும். இதன் உயரம் 1,868 மீட்டர்கள். இம்மலை நெய்யாறு கானுயிர்க் காப்பகத்தின் ஒரு பகுதி. இது தமிழக - கேரள மாநிலங்களின் எல்லையில் அமைந்துள்ளது. தாமிரபரணி ஆறு இம்மலையில் தோன்றி திருநெல்வேலி மாவட்டத்தின் ஊடாகப் பாய்கிறது. இம்மலை அகத்திய முனிவரின் பக்தர்களால் புண்ணிய தலமாகக் கருதப்படுகிறது. மலை முகட்டில் அகத்தியருக்கு ஒரு சிறு கோவில் அமைந்துள்ளது."
92,பாருன்டிஸ்,"பாருன்டிஸ் மலை சிகரம் நேபாளம் நாட்டின் கும்பு பகுதியில் அமைந்துள்ளது. இம்மலை இமயமலைத் தொடரில் கிழக்கு நேபாளத்தில் அமைந்துள்ளது. இம்மலை நான்கு சிகரங்களால் சூழப்பட்டும் தெற்கே ஹாங்கு பனிப்பாறைகளால் சூழப்பட்டும் உள்ளது. மேலும் கிழக்கே பாருன் பனிப்பாறைகளாலும், வடமேற்கே இம்ஜா பனிப்பாறைகளாலும் சூழப்பட்டுள்ளது. 1954 ஆம் ஆண்டு மே மாதம் 30ஆம் தேது முதன் முதலில் இம்மலையில் தெற்கு முனை வழியாக மலையேற்றம் நடைபெற்றது.[2][3]"
93,எகேலியசு மலை,"எகேலியஸ் மலை (Aigaleo அல்லது Egaleo, கிரேக்கம்: Αιγάλεω‎  , பழங்காலத்தில் பொய்கிலோன் ஓரோஸ் (Ποικίλον Όρος) என்று அறியப்பட்டது)  கிரேக்கத்தின் அட்டிகாவில் உள்ள ஏதென்சில் உள்ள ஒரு மலையாகும். இது ஏதென்ஸ் சமவெளிக்கு மேற்கே, எலியூசிசின் தென்கிழக்கே, சலாமிஸ் தீவின் கிழக்கே அமைந்துள்ளது. மலையின் பெரும்பகுதி பாறைகள் (சுண்ணாம்புக் கல்) ஆகும். இது ஹைமெட்டஸ் மலையைவிட விட உயரத்தில் குறைவானது. எகேலியஸ் மலையில் உள்ள காடுகளின் பெரும்பகுதி டாப்னி மடாலயத்தின் வடக்கே அமைந்துள்ளது. இதன் வடக்கு பகுதியில் ஒரு பூங்காவும் உள்ளது."
94,ஒதகன்தெங்கர்,"ஓதகன்தெங்கர் (மொங்கோலியம்: Отгонтэнгэр, பொருள். ""இளைய வானம்"") என்பது மங்கோலியாவில் உள்ள கான்காய் மலைகளின் மிக உயரமான சிகரமாகும். இதன் உயரம் 4,008 மீ ஆகும். இது சவ்கான் மாகாணத்தில் அமைந்துள்ளது. கான்காய் மலைகளில் உள்ள மலைகளில் இதன் உச்சி மட்டுமே நிரந்தர பனிப்பாறையுடன் காணப்படுகிறது. இதன் தென் முகம் தான் மங்கோலியாவிலேயே மிகவும் விரிவான கிரானைட் சுவர் ஆகும்."
95,நந்த குந்தி,"நந்த குந்தி (Nanda Ghunti) 6,309 மீட்டர்கள் (20,699 ft) இந்தியாவின் வடக்கில் உத்தராகண்ட் மாநிலத்தின் கார்வால் கோட்டத்தில் உள்ள சமோலி மாவட்டத்தின் இமயமலைப் பகுதியில் 6309 மீட்டர் உயரத்தில் அமைந்துள்ளது. இது  நந்ததேவி தேசியப் பூங்காவிற்கு வெளியே அமைந்துள்ளது. இந்த மலையடிவாரத்தில் எலும்புக் கூடுகள் நிறைந்த, மர்ம ஏரியான ரூப் குண்டம் அமைந்துள்ளது."
96,கிசிமென்,"கிசிமென் (Kizimen, உருசியம்: Кизимен) என்பது உருசியாவின் தூரகிழக்குப் பகுதியான கம்சாத்கா பிரதேசத்தில் உள்ள ஒரு அடுக்கு எரிமலை ஆகும்."
97,ஆனைமுடி (மலை),"ஆனமுடி (தமிழ்நாட்டில் ஆனைமுடி) என்னும் மலை முகடு தான் தென் இந்தியாவிலேயே மிகவும் உயரமான இடம். இதன் உயரம் 2, 695 மீ (8, 842 அடி). இது தென் இந்தியாவில் மேற்குத் தொடர்ச்சி மலைத்தொடரில் உள்ள இடம். இம்மலை முகடு இரவிக்குளம் தேசிய பூங்காவின் தென் பகுதியிலே ஏலக்காய் மலைகள், ஆனை மலைகள், பழனி மலைகள் கூடுமிடத்தில் உள்ளது. இந்த ஆனைமுடி மலை கேரளாவில் இடுக்கி மாவட்டத்தில் அமைந்துள்ளது. மலை முகடு முன்னார் (மூனார்) நகராட்சியின் கீழ் உள்ளது."
98,கிர்நார்,"கிர்நார் மலை அல்லது ரைவத மலை (Girnar or Revatak Pravata) , இந்திய மாநிலமான குஜராத்தின் ஜூனாகாத்  மாவட்டத்தின் தலைமையிடமான ஜூனாகத் நகரத்திலிருந்து நான்கு கிலோ மீட்டர் தொலைவில் உள்ளது.  பௌத்தர்களும், இந்துக்களும் மற்றும் சமணர்களும் கிர்நார் மலையைப் புனித தலமாக கருதுகின்றனர்.[1]3661 அடி உயரம் கொண்ட கிர்நார் மலை 8,000 படிகளுடன் கூடியது."
99,கெளிமுட்டு,"கெளிமுட்டு (Kelimutu) இந்தோனேசியாவில் உள்ள ஓர் எரிமலையாகும். இந்தோனேசியாவின் மத்திய புளோரஸ் தீவின் அருகிலுள்ள மோனி என்ற நகரத்தில் அமைந்துள்ளது. இது இந்தோனேசியாவின் கிழக்கு நூசா டென்கரே மாகாணத்தின் எண்டி ஆட்சிப்பிரதேசத்தின் தலைநகரான எண்டிக்குக் கிழக்கே 50 கி.மீ சுற்றளவில் அமைந்துள்ளது. இங்கு மண் மற்றும் வேதிப்பொருட்களின் காரணமாக மூன்று ஏரிகள் முறையே நீலம், பச்சை, சிவப்பு என்ற வண்ணங்களில் காணப்படுகிறது.[2] இது சுற்றுலாப் பயணிகளைக் கவர்ந்திழுக்கும் விதமாக அமைந்துள்ளது.[3]"
100,யு சான்,"யு சான் (Yu Shan) என்பது தைவானின்  கடல் மட்டத்திலிருந்து 3,952 மீ (12,966 அடி) உயரத்திலுள்ள மிக உயரமான மலையாகும். யப்பான் ஆட்சிக் காலத்தில் இது நிட்டிகா மலை என அழைக்கப்பட்டது. மேலும் ஜேட் மலை எனவும், யு மலை எனவும் அழைக்கப்படுகிறது. இது கம்சாத்கா தீபகற்பத்திற்கு வெளியே மேற்கு பசிபிக் பிராந்தியத்தில் மிக உயரமான இடமாகும். யுசான் மற்றும் சுற்றியுள்ள மலைகள் யுசான் மலைத்தொடரைச் சேர்ந்தவை. இப்பகுதி ஒரு காலத்தில் கடலில் இருந்தது; பிலிப்பீன்சு கடல் தட்டு மீது யூரேசிய தட்டு மோதியதின் காரணமாக அது தற்போதைய உயரத்திற்கு உயர்ந்தது."
